Strength,Value [MPa],Year
Tensile Strength,523,2012
Tensile Strength,637,2012
Yield Strength,250,2012
Yield Strength,250,2012
Tensile Strength,686,2012
Tensile Strength,1400,2012
Tensile Strength,1400,2012
Yield Strength,878,2012
Tensile Strength,310,2012
Tensile Strength,310,2012
Tensile Strength,900,2012
Yield Strength,50,2012
Tensile Strength,360,2012
Tensile Strength,764,2012
Tensile Strength,1500,2012
Yield Strength,300,2012
Yield Strength,800,2012
Tensile Strength,290,2012
Tensile Strength,270,2012
Tensile Strength,244,2012
Yield Strength,354,2012
Tensile Strength,681,2012
Tensile Strength,153,2012
Tensile Strength,372,2012
Tensile Strength,90,2012
Yield Strength,1450,2012
Yield Strength,1011,2012
Yield Strength,900,2012
Yield Strength,1000,2012
Yield Strength,304,2012
Tensile Strength,576,2012
Tensile Strength,1100,2012
Tensile Strength,1100,2012
Tensile Strength,260,2012
Yield Strength,902,2012
Yield Strength,307,2012
Yield Strength,690,2013
Yield Strength,690,2013
Yield Strength,568,2013
Yield Strength,170,2013
Tensile Strength,1385,2013
Yield Strength,1280,2013
Tensile Strength,1385,2013
Yield Strength,1280,2013
Tensile Strength,1340,2013
Yield Strength,1450,2013
Tensile Strength,1600,2013
Yield Strength,204,2013
Tensile Strength,195,2013
Yield Strength,70,2013
Tensile Strength,450,2013
Yield Strength,345,2013
Tensile Strength,521,2013
Yield Strength,170,2013
Yield Strength,380,2013
Yield Strength,1000,2013
Tensile Strength,550,2013
Yield Strength,439,2013
Tensile Strength,737,2013
Yield Strength,72,2013
Tensile Strength,230,2013
Tensile Strength,187,2013
Tensile Strength,265,2013
Tensile Strength,521,2013
Tensile Strength,521,2013
Tensile Strength,242,2013
Tensile Strength,411,2013
Tensile Strength,322,2013
Tensile Strength,650,2013
Yield Strength,350,2013
Yield Strength,260,2013
Tensile Strength,700,2013
Yield Strength,552,2013
Tensile Strength,700,2013
Yield Strength,552,2013
Yield Strength,1049,2013
Yield Strength,827,2013
Yield Strength,450,2013
Yield Strength,600,2013
Tensile Strength,1100,2013
Tensile Strength,310,2013
Tensile Strength,395,2013
Tensile Strength,288,2013
Tensile Strength,395,2013
Yield Strength,1000,2013
Tensile Strength,321,2013
Tensile Strength,174,2013
Yield Strength,70,2013
Yield Strength,110,2013
Yield Strength,40,2013
Yield Strength,1000,2013
Tensile Strength,1330,2013
Yield Strength,1000,2013
Tensile Strength,342,2013
Tensile Strength,140,2013
Tensile Strength,477,2013
Tensile Strength,195,2013
Tensile Strength,2014,2013
Tensile Strength,835,2013
Tensile Strength,187,2013
Tensile Strength,228,2013
Tensile Strength,347,2013
Tensile Strength,207,2013
Tensile Strength,347,2013
Yield Strength,604,2013
Tensile Strength,804,2013
Yield Strength,600,2013
Tensile Strength,510,2013
Tensile Strength,1755,2013
Tensile Strength,1572,2013
Tensile Strength,1475,2013
Tensile Strength,1697,2013
Tensile Strength,777,2013
Tensile Strength,300,2013
Tensile Strength,262,2013
Yield Strength,100,2013
Yield Strength,150,2013
Yield Strength,205,2013
Tensile Strength,560,2013
Tensile Strength,1250,2013
Yield Strength,268,2013
Tensile Strength,457,2013
Yield Strength,400,2013
Yield Strength,52,2013
Yield Strength,460,2013
Tensile Strength,625,2013
Yield Strength,167,2013
Tensile Strength,516,2013
Tensile Strength,500,2014
Tensile Strength,350,2014
Tensile Strength,50,2014
Tensile Strength,190,2014
Yield Strength,170,2014
Yield Strength,374,2014
Yield Strength,39,2014
Tensile Strength,425,2014
Tensile Strength,515,2014
Tensile Strength,425,2014
Tensile Strength,425,2014
Tensile Strength,515,2014
Tensile Strength,722,2014
Tensile Strength,72,2014
Yield Strength,700,2014
Yield Strength,539,2014
Tensile Strength,971,2014
Tensile Strength,1496,2014
Tensile Strength,1595,2014
Tensile Strength,671,2014
Tensile Strength,520,2014
Yield Strength,195,2014
Yield Strength,450,2014
Yield Strength,139,2014
Tensile Strength,450,2014
Yield Strength,1150,2014
Tensile Strength,1293,2014
Yield Strength,620,2014
Tensile Strength,919,2014
Yield Strength,1150,2014
Tensile Strength,1293,2014
Tensile Strength,630,2014
Yield Strength,790,2014
Yield Strength,900,2014
Tensile Strength,1000,2014
Yield Strength,197,2014
Tensile Strength,100,2014
Yield Strength,579,2014
Yield Strength,316,2014
Yield Strength,500,2014
Tensile Strength,45,2014
Tensile Strength,45,2014
Tensile Strength,608,2014
Tensile Strength,630,2014
Yield Strength,630,2014
Yield Strength,713,2014
Tensile Strength,1054,2014
Yield Strength,780,2014
Yield Strength,349,2014
Tensile Strength,744,2014
Yield Strength,304,2014
Yield Strength,620,2014
Yield Strength,620,2014
Tensile Strength,900,2014
Yield Strength,900,2014
Tensile Strength,950,2014
Tensile Strength,2000,2014
Yield Strength,377,2014
Tensile Strength,596,2014
Tensile Strength,520,2014
Tensile Strength,150,2014
Yield Strength,200,2014
Yield Strength,280,2014
Yield Strength,275,2014
Tensile Strength,250,2014
Yield Strength,580,2014
Tensile Strength,820,2014
Tensile Strength,328,2014
Tensile Strength,359,2014
Tensile Strength,75,2014
Tensile Strength,150,2014
Tensile Strength,359,2014
Tensile Strength,150,2014
Tensile Strength,1335,2014
Yield Strength,250,2014
Tensile Strength,680,2014
Tensile Strength,809,2014
Tensile Strength,809,2014
Tensile Strength,300,2014
Tensile Strength,510,2014
Tensile Strength,469,2014
Tensile Strength,86,2014
Yield Strength,1055,2014
Yield Strength,235,2014
Yield Strength,310,2014
Tensile Strength,910,2014
Yield Strength,826,2014
Yield Strength,298,2014
Tensile Strength,620,2014
Tensile Strength,200,2014
Yield Strength,800,2014
Yield Strength,291,2014
Tensile Strength,590,2015
Tensile Strength,1800,2015
Tensile Strength,60,2015
Yield Strength,250,2015
Yield Strength,1970,2015
Yield Strength,1170,2015
Tensile Strength,415,2015
Tensile Strength,60,2015
Yield Strength,1100,2015
Yield Strength,900,2015
Yield Strength,891,2015
Yield Strength,900,2015
Yield Strength,550,2015
Yield Strength,700,2015
Yield Strength,305,2015
Tensile Strength,645,2015
Yield Strength,568,2015
Tensile Strength,994,2015
Yield Strength,1380,2015
Tensile Strength,1441,2015
Yield Strength,1460,2015
Tensile Strength,1514,2015
Yield Strength,1502,2015
Tensile Strength,1560,2015
Yield Strength,90,2015
Tensile Strength,580,2015
Yield Strength,230,2015
Tensile Strength,650,2015
Tensile Strength,43,2015
Tensile Strength,480,2015
Tensile Strength,130,2015
Tensile Strength,367,2015
Tensile Strength,285,2015
Tensile Strength,180,2015
Yield Strength,1590,2015
Tensile Strength,1295,2015
Yield Strength,606,2015
Yield Strength,241,2015
Tensile Strength,851,2015
Tensile Strength,855,2015
Tensile Strength,850,2015
Tensile Strength,1444,2015
Tensile Strength,1100,2015
Tensile Strength,134,2015
Tensile Strength,251,2015
Tensile Strength,211,2015
Tensile Strength,681,2015
Tensile Strength,790,2015
Tensile Strength,674,2015
Tensile Strength,50,2015
Yield Strength,350,2015
Yield Strength,450,2015
Tensile Strength,900,2015
Yield Strength,800,2015
Tensile Strength,1100,2015
Tensile Strength,570,2015
Tensile Strength,523,2015
Tensile Strength,340,2015
Tensile Strength,523,2015
Tensile Strength,523,2015
Tensile Strength,523,2015
Tensile Strength,1020,2015
Yield Strength,660,2015
Tensile Strength,265,2015
Yield Strength,1450,2015
Yield Strength,720,2015
Tensile Strength,920,2015
Yield Strength,340,2015
Yield Strength,500,2015
Tensile Strength,1010,2015
Yield Strength,745,2015
Yield Strength,500,2015
Yield Strength,700,2015
Yield Strength,650,2015
Tensile Strength,345,2015
Tensile Strength,660,2015
Tensile Strength,300,2015
Tensile Strength,130,2015
Yield Strength,850,2015
Tensile Strength,1150,2015
Tensile Strength,1400,2015
Tensile Strength,2000,2015
Tensile Strength,525,2015
Tensile Strength,425,2015
Tensile Strength,1500,2015
Yield Strength,770,2015
Tensile Strength,1100,2015
Tensile Strength,870,2015
Tensile Strength,827,2015
Tensile Strength,750,2015
Yield Strength,200,2015
Yield Strength,2000,2015
Tensile Strength,800,2015
Yield Strength,530,2015
Tensile Strength,861,2015
Tensile Strength,115,2015
Tensile Strength,828,2015
Tensile Strength,828,2015
Tensile Strength,900,2015
Tensile Strength,900,2015
Yield Strength,480,2015
Yield Strength,275,2015
Yield Strength,300,2015
Tensile Strength,1000,2015
Yield Strength,1500,2015
Tensile Strength,2600,2015
Tensile Strength,160,2015
Yield Strength,1450,2015
Tensile Strength,90,2015
Yield Strength,452,2015
Yield Strength,535,2015
Tensile Strength,770,2015
Yield Strength,1450,2015
Yield Strength,720,2015
Tensile Strength,920,2015
Yield Strength,330,2015
Yield Strength,60,2015
Yield Strength,1160,2015
Tensile Strength,885,2015
Yield Strength,1120,2015
Tensile Strength,1440,2015
Tensile Strength,488,2016
Yield Strength,300,2016
Tensile Strength,370,2016
Tensile Strength,370,2016
Tensile Strength,200,2016
Yield Strength,885,2016
Tensile Strength,1000,2016
Yield Strength,165,2016
Yield Strength,156,2016
Tensile Strength,550,2016
Yield Strength,200,2016
Yield Strength,321,2016
Tensile Strength,143,2016
Yield Strength,300,2016
Tensile Strength,700,2016
Yield Strength,950,2016
Tensile Strength,162,2016
Tensile Strength,2300,2016
Tensile Strength,694,2016
Yield Strength,538,2016
Tensile Strength,692,2016
Yield Strength,515,2016
Tensile Strength,571,2016
Yield Strength,275,2016
Yield Strength,560,2016
Tensile Strength,250,2016
Tensile Strength,558,2016
Yield Strength,290,2016
Tensile Strength,123,2016
Yield Strength,249,2016
Tensile Strength,560,2016
Yield Strength,194,2016
Yield Strength,200,2016
Yield Strength,1480,2016
Yield Strength,1430,2016
Tensile Strength,350,2016
Tensile Strength,100,2016
Tensile Strength,350,2016
Tensile Strength,391,2016
Yield Strength,323,2016
Yield Strength,1150,2016
Yield Strength,600,2016
Yield Strength,43,2016
Yield Strength,140,2016
Yield Strength,210,2016
Yield Strength,575,2016
Tensile Strength,502,2016
Tensile Strength,480,2016
Yield Strength,401,2016
Tensile Strength,621,2016
Yield Strength,1000,2016
Yield Strength,360,2016
Yield Strength,850,2016
Tensile Strength,1000,2016
Yield Strength,1366,2016
Tensile Strength,1416,2016
Yield Strength,210,2016
Tensile Strength,1680,2016
Tensile Strength,485,2016
Yield Strength,270,2016
Yield Strength,250,2016
Yield Strength,250,2016
Yield Strength,300,2016
Yield Strength,300,2016
Yield Strength,508,2016
Tensile Strength,1027,2016
Tensile Strength,235,2016
Tensile Strength,515,2016
Tensile Strength,383,2016
Tensile Strength,378,2016
Tensile Strength,375,2016
Tensile Strength,384,2016
Yield Strength,890,2016
Tensile Strength,1340,2016
Yield Strength,550,2016
Yield Strength,500,2016
Tensile Strength,744,2016
Yield Strength,170,2016
Tensile Strength,485,2016
Tensile Strength,515,2016
Tensile Strength,590,2016
Tensile Strength,590,2016
Tensile Strength,558,2016
Yield Strength,290,2016
Tensile Strength,320,2016
Tensile Strength,65,2016
Tensile Strength,120,2016
Tensile Strength,700,2016
Tensile Strength,307,2016
Tensile Strength,520,2016
Tensile Strength,650,2016
Tensile Strength,670,2016
Yield Strength,320,2016
Tensile Strength,650,2016
Tensile Strength,420,2016
Tensile Strength,400,2016
Tensile Strength,400,2016
Yield Strength,172,2016
Tensile Strength,900,2016
Tensile Strength,1100,2016
Tensile Strength,1455,2016
Tensile Strength,468,2016
Tensile Strength,450,2016
Tensile Strength,508,2016
Tensile Strength,508,2016
Tensile Strength,630,2016
Tensile Strength,862,2016
Tensile Strength,350,2016
Tensile Strength,468,2016
Tensile Strength,468,2016
Yield Strength,315,2016
Tensile Strength,626,2016
Tensile Strength,1200,2016
Tensile Strength,657,2016
Tensile Strength,826,2016
Yield Strength,322,2016
Yield Strength,426,2016
Yield Strength,1412,2016
Tensile Strength,590,2016
Tensile Strength,32,2016
Tensile Strength,32,2016
Yield Strength,612,2016
Tensile Strength,80,2016
Tensile Strength,30,2016
Tensile Strength,80,2016
Yield Strength,591,2016
Tensile Strength,470,2016
Tensile Strength,996,2016
Yield Strength,884,2016
Tensile Strength,1554,2016
Yield Strength,1078,2016
Yield Strength,826,2016
Yield Strength,210,2016
Yield Strength,1000,2016
Yield Strength,535,2016
Tensile Strength,665,2016
Yield Strength,886,2016
Yield Strength,360,2016
Yield Strength,120,2016
Yield Strength,390,2016
Tensile Strength,590,2016
Yield Strength,240,2016
Tensile Strength,1928,2016
Yield Strength,245,2016
Tensile Strength,485,2016
Yield Strength,200,2016
Tensile Strength,2150,2016
Tensile Strength,1150,2016
Tensile Strength,783,2016
Tensile Strength,776,2016
Yield Strength,900,2016
Yield Strength,950,2016
Yield Strength,950,2016
Yield Strength,950,2016
Tensile Strength,180,2017
Tensile Strength,460,2017
Tensile Strength,200,2017
Tensile Strength,100,2017
Tensile Strength,1597,2017
Tensile Strength,1200,2017
Yield Strength,1200,2017
Tensile Strength,930,2017
Yield Strength,190,2017
Yield Strength,253,2017
Tensile Strength,92,2017
Yield Strength,2000,2017
Yield Strength,800,2017
Yield Strength,800,2017
Yield Strength,1021,2017
Yield Strength,1021,2017
Yield Strength,800,2017
Yield Strength,700,2017
Yield Strength,1021,2017
Yield Strength,300,2017
Yield Strength,1021,2017
Tensile Strength,654,2017
Yield Strength,467,2017
Yield Strength,261,2017
Tensile Strength,910,2017
Yield Strength,410,2017
Tensile Strength,940,2017
Tensile Strength,70,2017
Tensile Strength,585,2017
Tensile Strength,1179,2017
Yield Strength,700,2017
Yield Strength,417,2017
Yield Strength,350,2017
Yield Strength,994,2017
Yield Strength,994,2017
Yield Strength,205,2017
Tensile Strength,700,2017
Tensile Strength,800,2017
Tensile Strength,30,2017
Tensile Strength,279,2017
Tensile Strength,1450,2017
Tensile Strength,520,2017
Tensile Strength,710,2017
Tensile Strength,509,2017
Yield Strength,206,2017
Tensile Strength,612,2017
Tensile Strength,1290,2017
Tensile Strength,940,2017
Yield Strength,920,2017
Yield Strength,175,2017
Yield Strength,379,2017
Tensile Strength,170,2017
Tensile Strength,170,2017
Yield Strength,501,2017
Tensile Strength,950,2017
Yield Strength,540,2017
Yield Strength,320,2017
Tensile Strength,50,2017
Yield Strength,400,2017
Tensile Strength,550,2017
Yield Strength,700,2017
Tensile Strength,150,2017
Tensile Strength,41,2017
Tensile Strength,150,2017
Tensile Strength,170,2017
Yield Strength,1750,2017
Tensile Strength,270,2017
Yield Strength,275,2017
Tensile Strength,585,2017
Yield Strength,1000,2017
Tensile Strength,1096,2017
Tensile Strength,978,2017
Yield Strength,505,2017
Yield Strength,560,2017
Tensile Strength,1140,2017
Yield Strength,738,2017
Yield Strength,1221,2017
Tensile Strength,1376,2017
Tensile Strength,600,2017
Tensile Strength,93,2017
Tensile Strength,678,2017
Tensile Strength,716,2017
Yield Strength,290,2017
Tensile Strength,1030,2017
Yield Strength,983,2017
Tensile Strength,621,2017
Tensile Strength,428,2017
Tensile Strength,800,2017
Tensile Strength,500,2017
Tensile Strength,525,2017
Yield Strength,550,2017
Tensile Strength,650,2017
Tensile Strength,100,2017
Yield Strength,600,2017
Yield Strength,1400,2017
Yield Strength,574,2017
Yield Strength,1225,2017
Tensile Strength,1300,2017
Yield Strength,1200,2017
Yield Strength,768,2017
Tensile Strength,319,2017
Tensile Strength,475,2017
Tensile Strength,1000,2017
Tensile Strength,1400,2017
Tensile Strength,1232,2017
Yield Strength,697,2017
Yield Strength,250,2017
Tensile Strength,282,2017
Tensile Strength,140,2017
Tensile Strength,1468,2017
Tensile Strength,911,2017
Yield Strength,752,2017
Tensile Strength,1470,2017
Tensile Strength,1320,2017
Tensile Strength,1468,2017
Tensile Strength,911,2017
Tensile Strength,948,2017
Yield Strength,404,2017
Tensile Strength,723,2017
Tensile Strength,275,2017
Yield Strength,364,2017
Tensile Strength,440,2017
Tensile Strength,340,2017
Tensile Strength,830,2017
Tensile Strength,440,2017
Tensile Strength,830,2017
Tensile Strength,340,2017
Tensile Strength,518,2017
Tensile Strength,266,2017
Tensile Strength,489,2017
Tensile Strength,200,2017
Tensile Strength,505,2017
Tensile Strength,992,2017
Tensile Strength,1589,2017
Tensile Strength,753,2017
Tensile Strength,669,2017
Tensile Strength,600,2017
Yield Strength,560,2017
Yield Strength,560,2017
Yield Strength,600,2017
Yield Strength,241,2017
Tensile Strength,586,2017
Tensile Strength,130,2017
Tensile Strength,1990,2017
Tensile Strength,55,2017
Tensile Strength,179,2017
Yield Strength,530,2017
Yield Strength,331,2017
Tensile Strength,1100,2017
Yield Strength,1200,2017
Tensile Strength,141,2017
Yield Strength,355,2017
Yield Strength,318,2017
Tensile Strength,650,2017
Tensile Strength,1200,2017
Tensile Strength,1300,2017
Tensile Strength,1050,2017
Tensile Strength,1550,2017
Tensile Strength,800,2017
Tensile Strength,283,2017
Yield Strength,900,2017
Tensile Strength,171,2017
Tensile Strength,49,2017
Tensile Strength,400,2017
Yield Strength,325,2017
Tensile Strength,1100,2017
Tensile Strength,1000,2017
Tensile Strength,1000,2017
Tensile Strength,1000,2017
Tensile Strength,920,2017
Tensile Strength,1000,2017
Tensile Strength,920,2017
Yield Strength,45,2017
Yield Strength,600,2017
Tensile Strength,591,2017
Yield Strength,593,2017
Yield Strength,1000,2017
Yield Strength,604,2017
Yield Strength,1549,2017
Yield Strength,395,2017
Yield Strength,432,2017
Yield Strength,330,2017
Tensile Strength,579,2017
Tensile Strength,500,2017
Yield Strength,210,2017
Tensile Strength,515,2017
Tensile Strength,840,2017
Yield Strength,520,2017
Tensile Strength,1200,2017
Yield Strength,298,2017
Yield Strength,578,2017
Tensile Strength,1223,2017
Yield Strength,530,2017
Tensile Strength,815,2017
Yield Strength,530,2017
Tensile Strength,680,2017
Yield Strength,520,2017
Yield Strength,450,2017
Tensile Strength,480,2017
Yield Strength,206,2017
Tensile Strength,205,2017
Yield Strength,327,2017
Tensile Strength,693,2017
Yield Strength,481,2017
Tensile Strength,910,2018
Tensile Strength,50,2018
Tensile Strength,845,2018
Yield Strength,480,2018
Tensile Strength,360,2018
Tensile Strength,1090,2018
Yield Strength,290,2018
Tensile Strength,594,2018
Yield Strength,463,2018
Yield Strength,230,2018
Yield Strength,456,2018
Yield Strength,403,2018
Tensile Strength,100,2018
Tensile Strength,100,2018
Tensile Strength,600,2018
Tensile Strength,620,2018
Yield Strength,550,2018
Tensile Strength,500,2018
Tensile Strength,187,2018
Tensile Strength,400,2018
Tensile Strength,395,2018
Tensile Strength,310,2018
Tensile Strength,310,2018
Tensile Strength,350,2018
Tensile Strength,370,2018
Tensile Strength,440,2018
Tensile Strength,650,2018
Yield Strength,450,2018
Tensile Strength,648,2018
Tensile Strength,978,2018
Tensile Strength,1113,2018
Tensile Strength,512,2018
Tensile Strength,627,2018
Tensile Strength,737,2018
Yield Strength,820,2018
Yield Strength,660,2018
Tensile Strength,460,2018
Tensile Strength,395,2018
Tensile Strength,259,2018
Tensile Strength,332,2018
Tensile Strength,227,2018
Tensile Strength,288,2018
Tensile Strength,400,2018
Tensile Strength,480,2018
Tensile Strength,256,2018
Tensile Strength,227,2018
Yield Strength,350,2018
Yield Strength,350,2018
Yield Strength,400,2018
Yield Strength,350,2018
Yield Strength,350,2018
Yield Strength,263,2018
Tensile Strength,570,2018
Yield Strength,250,2018
Tensile Strength,721,2018
Tensile Strength,305,2018
Tensile Strength,305,2018
Yield Strength,200,2018
Yield Strength,900,2018
Tensile Strength,813,2018
Yield Strength,50,2018
Tensile Strength,180,2018
Yield Strength,286,2018
Tensile Strength,1050,2018
Tensile Strength,500,2018
Tensile Strength,860,2018
Yield Strength,130,2018
Tensile Strength,686,2018
Yield Strength,310,2018
Tensile Strength,650,2018
Yield Strength,795,2018
Tensile Strength,1092,2018
Yield Strength,300,2018
Yield Strength,275,2018
Tensile Strength,585,2018
Yield Strength,920,2018
Yield Strength,140,2018
Tensile Strength,833,2018
Yield Strength,552,2018
Yield Strength,311,2018
Tensile Strength,550,2018
Tensile Strength,833,2018
Yield Strength,235,2018
Yield Strength,1221,2018
Tensile Strength,1376,2018
Yield Strength,1221,2018
Tensile Strength,289,2018
Tensile Strength,372,2018
Tensile Strength,200,2018
Yield Strength,1500,2018
Tensile Strength,520,2018
Tensile Strength,710,2018
Yield Strength,300,2018
Tensile Strength,150,2018
Tensile Strength,359,2018
Tensile Strength,400,2018
Tensile Strength,418,2018
Tensile Strength,350,2018
Tensile Strength,337,2018
Tensile Strength,200,2018
Tensile Strength,319,2018
Tensile Strength,65,2018
Tensile Strength,319,2018
Tensile Strength,369,2018
Tensile Strength,830,2018
Yield Strength,305,2018
Yield Strength,110,2018
Yield Strength,110,2018
Yield Strength,100,2018
Yield Strength,110,2018
Yield Strength,110,2018
Tensile Strength,150,2018
Tensile Strength,221,2018
Tensile Strength,370,2018
Tensile Strength,150,2018
Tensile Strength,1854,2018
Yield Strength,1215,2018
Yield Strength,800,2018
Tensile Strength,480,2018
Tensile Strength,309,2018
Tensile Strength,346,2018
Tensile Strength,250,2018
Tensile Strength,340,2018
Tensile Strength,425,2018
Tensile Strength,242,2018
Tensile Strength,326,2018
Tensile Strength,1267,2018
Yield Strength,575,2018
Yield Strength,110,2018
Tensile Strength,1025,2018
Tensile Strength,1300,2018
Tensile Strength,1300,2018
Tensile Strength,280,2018
Yield Strength,1500,2018
Tensile Strength,731,2018
Tensile Strength,490,2018
Yield Strength,1758,2018
Tensile Strength,547,2018
Tensile Strength,884,2018
Yield Strength,100,2018
Yield Strength,611,2018
Yield Strength,697,2018
Tensile Strength,251,2018
Yield Strength,320,2018
Tensile Strength,630,2018
Yield Strength,508,2018
Tensile Strength,686,2018
Tensile Strength,250,2018
Yield Strength,240,2018
Yield Strength,398,2018
Yield Strength,367,2018
Tensile Strength,1417,2018
Tensile Strength,1449,2018
Tensile Strength,627,2018
Yield Strength,150,2018
Tensile Strength,378,2018
Tensile Strength,604,2018
Tensile Strength,630,2018
Yield Strength,250,2018
Yield Strength,220,2018
Yield Strength,591,2018
Tensile Strength,1774,2018
Yield Strength,426,2018
Yield Strength,322,2018
Tensile Strength,591,2018
Tensile Strength,250,2018
Tensile Strength,250,2018
Tensile Strength,300,2018
Tensile Strength,150,2018
Tensile Strength,700,2018
Tensile Strength,651,2018
Tensile Strength,547,2018
Tensile Strength,400,2018
Yield Strength,450,2018
Tensile Strength,400,2018
Tensile Strength,420,2018
Tensile Strength,630,2018
Tensile Strength,238,2018
Yield Strength,30,2018
Tensile Strength,300,2018
Yield Strength,50,2018
Tensile Strength,1200,2018
Yield Strength,735,2018
Yield Strength,200,2018
Tensile Strength,2097,2018
Tensile Strength,1527,2018
Tensile Strength,45,2018
Yield Strength,450,2018
Tensile Strength,548,2018
Tensile Strength,1190,2018
Yield Strength,1300,2018
Yield Strength,741,2018
Tensile Strength,750,2018
Tensile Strength,208,2018
Tensile Strength,192,2018
Tensile Strength,200,2018
Tensile Strength,220,2018
Tensile Strength,150,2018
Tensile Strength,217,2018
Tensile Strength,336,2018
Tensile Strength,336,2018
Tensile Strength,673,2018
Yield Strength,252,2018
Yield Strength,200,2018
Tensile Strength,607,2018
Yield Strength,1173,2018
Tensile Strength,1228,2018
Yield Strength,870,2018
Tensile Strength,937,2018
Yield Strength,450,2018
Yield Strength,319,2018
Tensile Strength,626,2018
Yield Strength,629,2018
Yield Strength,422,2018
Yield Strength,450,2018
Yield Strength,281,2018
Yield Strength,1721,2018
Yield Strength,2155,2018
Yield Strength,265,2018
Yield Strength,265,2018
Yield Strength,994,2018
Tensile Strength,120,2018
Tensile Strength,800,2018
Tensile Strength,590,2018
Tensile Strength,472,2018
Tensile Strength,555,2018
Tensile Strength,920,2018
Yield Strength,281,2018
Yield Strength,558,2018
Yield Strength,281,2018
Yield Strength,778,2018
Tensile Strength,967,2018
Yield Strength,1050,2018
Yield Strength,500,2018
Yield Strength,1050,2018
Yield Strength,500,2018
Yield Strength,1250,2018
Tensile Strength,510,2018
Tensile Strength,560,2018
Yield Strength,1360,2018
Yield Strength,2230,2018
Yield Strength,1700,2018
Tensile Strength,610,2018
Yield Strength,550,2019
Yield Strength,500,2019
Tensile Strength,84,2019
Tensile Strength,280,2019
Yield Strength,803,2019
Yield Strength,504,2019
Yield Strength,1038,2019
Yield Strength,866,2019
Yield Strength,950,2019
Tensile Strength,688,2019
Yield Strength,562,2019
Tensile Strength,755,2019
Yield Strength,490,2019
Tensile Strength,685,2019
Yield Strength,364,2019
Yield Strength,1203,2019
Tensile Strength,1229,2019
Tensile Strength,2000,2019
Tensile Strength,1126,2019
Tensile Strength,664,2019
Yield Strength,450,2019
Tensile Strength,60,2019
Yield Strength,348,2019
Tensile Strength,500,2019
Tensile Strength,500,2019
Tensile Strength,1161,2019
Yield Strength,1130,2019
Yield Strength,1251,2019
Tensile Strength,1368,2019
Yield Strength,115,2019
Yield Strength,70,2019
Tensile Strength,1285,2019
Tensile Strength,1900,2019
Tensile Strength,590,2019
Yield Strength,118,2019
Yield Strength,578,2019
Tensile Strength,781,2019
Yield Strength,1426,2019
Tensile Strength,1557,2019
Yield Strength,1426,2019
Tensile Strength,1557,2019
Tensile Strength,50,2019
Tensile Strength,50,2019
Tensile Strength,50,2019
Tensile Strength,50,2019
Tensile Strength,50,2019
Yield Strength,240,2019
Tensile Strength,614,2019
Yield Strength,526,2019
Tensile Strength,350,2019
Yield Strength,835,2019
Tensile Strength,923,2019
Tensile Strength,1720,2019
Tensile Strength,1720,2019
Yield Strength,1045,2019
Tensile Strength,1233,2019
Yield Strength,830,2019
Tensile Strength,970,2019
Tensile Strength,130,2019
Tensile Strength,1275,2019
Yield Strength,1032,2019
Yield Strength,1042,2019
Tensile Strength,1233,2019
Tensile Strength,597,2019
Tensile Strength,665,2019
Tensile Strength,603,2019
Tensile Strength,610,2019
Yield Strength,340,2019
Yield Strength,200,2019
Tensile Strength,831,2019
Tensile Strength,849,2019
Tensile Strength,803,2019
Yield Strength,550,2019
Tensile Strength,1016,2019
Yield Strength,50,2019
Yield Strength,200,2019
Yield Strength,285,2019
Yield Strength,200,2019
Yield Strength,929,2019
Yield Strength,575,2019
Yield Strength,260,2019
Tensile Strength,300,2019
Tensile Strength,943,2019
Tensile Strength,963,2019
Tensile Strength,1020,2019
Yield Strength,339,2019
Yield Strength,40,2019
Yield Strength,339,2019
Yield Strength,603,2019
Tensile Strength,1023,2019
Tensile Strength,580,2019
Tensile Strength,500,2019
Tensile Strength,300,2019
Yield Strength,240,2019
Yield Strength,320,2019
Tensile Strength,350,2019
Yield Strength,780,2019
Tensile Strength,1320,2019
Yield Strength,1065,2019
Tensile Strength,1050,2019
Yield Strength,850,2019
Tensile Strength,200,2019
Tensile Strength,334,2019
Tensile Strength,391,2019
Tensile Strength,220,2019
Yield Strength,515,2019
Tensile Strength,485,2019
Tensile Strength,484,2019
Yield Strength,586,2019
Yield Strength,274,2019
Tensile Strength,628,2019
Yield Strength,300,2019
Yield Strength,420,2019
Yield Strength,620,2019
Tensile Strength,120,2019
Yield Strength,750,2019
Tensile Strength,613,2019
Tensile Strength,610,2019
Tensile Strength,612,2019
Tensile Strength,437,2019
Tensile Strength,450,2019
Yield Strength,572,2019
Tensile Strength,950,2019
Yield Strength,41,2019
Yield Strength,207,2019
Tensile Strength,517,2019
Tensile Strength,310,2019
Tensile Strength,350,2019
Tensile Strength,200,2019
Tensile Strength,280,2019
Tensile Strength,294,2019
Tensile Strength,334,2019
Tensile Strength,133,2019
Tensile Strength,133,2019
Yield Strength,600,2019
Yield Strength,200,2019
Tensile Strength,1226,2019
Tensile Strength,100,2019
Yield Strength,40,2019
Tensile Strength,558,2019
Tensile Strength,70,2019
Tensile Strength,560,2019
Yield Strength,481,2019
Yield Strength,50,2019
Tensile Strength,500,2019
Yield Strength,1330,2019
Tensile Strength,1250,2019
Tensile Strength,1830,2019
Yield Strength,602,2019
Tensile Strength,1200,2019
Tensile Strength,137,2019
Tensile Strength,203,2019
Tensile Strength,203,2019
Yield Strength,444,2019
Tensile Strength,824,2019
Tensile Strength,551,2019
Tensile Strength,1000,2019
Tensile Strength,42,2019
Yield Strength,594,2019
Tensile Strength,1400,2019
Tensile Strength,1500,2019
Tensile Strength,900,2019
Tensile Strength,614,2019
Yield Strength,700,2019
Yield Strength,170,2019
Tensile Strength,35,2019
Tensile Strength,114,2019
Yield Strength,300,2019
Yield Strength,648,2019
Yield Strength,340,2019
Tensile Strength,836,2019
Tensile Strength,1050,2019
Yield Strength,300,2019
Yield Strength,261,2019
Tensile Strength,205,2019
Tensile Strength,254,2019
Tensile Strength,190,2019
Tensile Strength,286,2019
Tensile Strength,375,2019
Tensile Strength,313,2019
Yield Strength,400,2019
Yield Strength,865,2019
Yield Strength,970,2019
Tensile Strength,1360,2019
Yield Strength,337,2019
Yield Strength,842,2019
Tensile Strength,294,2019
Tensile Strength,205,2019
Yield Strength,629,2019
Tensile Strength,350,2019
Tensile Strength,395,2019
Tensile Strength,158,2019
Tensile Strength,89,2019
Tensile Strength,161,2019
Tensile Strength,158,2019
Tensile Strength,161,2019
Tensile Strength,508,2019
Tensile Strength,400,2019
Tensile Strength,516,2019
Tensile Strength,1321,2019
Tensile Strength,1478,2019
Tensile Strength,1060,2019
Tensile Strength,229,2019
Tensile Strength,215,2019
Tensile Strength,172,2019
Tensile Strength,215,2019
Yield Strength,355,2019
Yield Strength,630,2019
Yield Strength,630,2019
Yield Strength,630,2019
Yield Strength,184,2019
Tensile Strength,1088,2019
Yield Strength,322,2019
Yield Strength,355,2019
Yield Strength,875,2019
Yield Strength,440,2019
Yield Strength,520,2019
Yield Strength,345,2019
Yield Strength,440,2019
Yield Strength,345,2019
Tensile Strength,114,2019
Tensile Strength,114,2019
Tensile Strength,753,2019
Tensile Strength,530,2019
Tensile Strength,650,2019
Tensile Strength,500,2019
Yield Strength,529,2019
Tensile Strength,709,2019
Tensile Strength,550,2019
Yield Strength,1450,2019
Tensile Strength,1200,2019
Yield Strength,170,2019
Tensile Strength,485,2019
Yield Strength,453,2019
Yield Strength,40,2019
Yield Strength,500,2019
Yield Strength,1324,2019
Tensile Strength,1401,2019
Yield Strength,1324,2019
Tensile Strength,1401,2019
Yield Strength,205,2019
Yield Strength,198,2019
Yield Strength,450,2019
Yield Strength,907,2019
Yield Strength,890,2019
Tensile Strength,538,2019
Tensile Strength,688,2019
Tensile Strength,598,2019
Tensile Strength,328,2019
Tensile Strength,69,2019
Tensile Strength,540,2019
Yield Strength,100,2019
Yield Strength,500,2019
Tensile Strength,191,2019
Tensile Strength,900,2019
Tensile Strength,1900,2019
Tensile Strength,900,2019
Yield Strength,575,2019
Tensile Strength,1700,2019
Tensile Strength,60,2019
Yield Strength,1130,2019
Tensile Strength,1161,2019
Tensile Strength,1394,2019
Yield Strength,1092,2019
Tensile Strength,434,2019
Tensile Strength,239,2019
Yield Strength,240,2019
Tensile Strength,650,2019
Yield Strength,826,2019
Tensile Strength,200,2019
Tensile Strength,340,2019
Tensile Strength,548,2019
Tensile Strength,548,2019
Tensile Strength,900,2019
Tensile Strength,2110,2019
Tensile Strength,789,2019
Tensile Strength,1182,2019
Tensile Strength,801,2019
Tensile Strength,644,2019
Tensile Strength,1500,2019
Tensile Strength,86,2019
Yield Strength,600,2019
Tensile Strength,1670,2019
Tensile Strength,1800,2019
Yield Strength,1400,2019
Tensile Strength,190,2019
Yield Strength,550,2019
Yield Strength,180,2019
Yield Strength,180,2019
Yield Strength,175,2019
Tensile Strength,2500,2019
Tensile Strength,1310,2019
Yield Strength,200,2020
Yield Strength,355,2020
Tensile Strength,1000,2020
Tensile Strength,740,2020
Yield Strength,550,2020
Tensile Strength,905,2020
Yield Strength,832,2020
Yield Strength,923,2020
Yield Strength,32,2020
Yield Strength,485,2020
Yield Strength,1050,2020
Yield Strength,302,2020
Tensile Strength,701,2020
Tensile Strength,1348,2020
Tensile Strength,1332,2020
Tensile Strength,500,2020
Yield Strength,314,2020
Yield Strength,679,2020
Yield Strength,60,2020
Yield Strength,540,2020
Tensile Strength,224,2020
Yield Strength,355,2020
Tensile Strength,295,2020
Tensile Strength,520,2020
Tensile Strength,520,2020
Tensile Strength,80,2020
Yield Strength,422,2020
Tensile Strength,594,2020
Yield Strength,447,2020
Tensile Strength,635,2020
Tensile Strength,350,2020
Tensile Strength,500,2020
Tensile Strength,3000,2020
Yield Strength,550,2020
Yield Strength,430,2020
Yield Strength,375,2020
Tensile Strength,170,2020
Tensile Strength,627,2020
Tensile Strength,215,2020
Tensile Strength,340,2020
Tensile Strength,300,2020
Tensile Strength,300,2020
Tensile Strength,284,2020
Tensile Strength,284,2020
Tensile Strength,197,2020
Yield Strength,166,2020
Tensile Strength,663,2020
Yield Strength,420,2020
Tensile Strength,95,2020
Yield Strength,90,2020
Tensile Strength,194,2020
Tensile Strength,150,2020
Tensile Strength,200,2020
Tensile Strength,378,2020
Tensile Strength,340,2020
Tensile Strength,370,2020
Tensile Strength,128,2020
Tensile Strength,153,2020
Tensile Strength,153,2020
Yield Strength,225,2020
Tensile Strength,603,2020
Tensile Strength,928,2020
Tensile Strength,176,2020
Tensile Strength,294,2020
Tensile Strength,34,2020
Tensile Strength,2100,2020
Tensile Strength,1167,2020
Yield Strength,1354,2020
Tensile Strength,600,2020
Tensile Strength,200,2020
Yield Strength,59,2020
Yield Strength,525,2020
Tensile Strength,695,2020
Tensile Strength,68,2020
Yield Strength,300,2020
Tensile Strength,1452,2020
Yield Strength,313,2020
Tensile Strength,680,2020
Yield Strength,313,2020
Tensile Strength,680,2020
Tensile Strength,1780,2020
Tensile Strength,1545,2020
Tensile Strength,400,2020
Tensile Strength,1780,2020
Yield Strength,90,2020
Tensile Strength,1780,2020
Yield Strength,1545,2020
Yield Strength,136,2020
Tensile Strength,157,2020
Yield Strength,189,2020
Tensile Strength,228,2020
Tensile Strength,633,2020
Tensile Strength,633,2020
Tensile Strength,387,2020
Tensile Strength,550,2020
Yield Strength,430,2020
Tensile Strength,675,2020
Tensile Strength,260,2020
Tensile Strength,280,2020
Tensile Strength,170,2020
Tensile Strength,290,2020
Tensile Strength,290,2020
Tensile Strength,1129,2020
Tensile Strength,1086,2020
Tensile Strength,982,2020
Yield Strength,246,2020
Tensile Strength,220,2020
Tensile Strength,527,2020
Yield Strength,449,2020
Tensile Strength,485,2020
Yield Strength,427,2020
Tensile Strength,707,2020
Tensile Strength,223,2020
Tensile Strength,583,2020
Tensile Strength,604,2020
Tensile Strength,580,2020
Tensile Strength,801,2020
Tensile Strength,863,2020
Tensile Strength,567,2020
Tensile Strength,719,2020
Tensile Strength,745,2020
Yield Strength,450,2020
Tensile Strength,767,2020
Tensile Strength,37,2020
Tensile Strength,219,2020
Tensile Strength,150,2020
Tensile Strength,300,2020
Tensile Strength,59,2020
Yield Strength,300,2020
Yield Strength,510,2020
Yield Strength,1400,2020
Tensile Strength,558,2020
Yield Strength,50,2020
Tensile Strength,100,2020
Tensile Strength,246,2020
Tensile Strength,333,2020
Tensile Strength,70,2020
Tensile Strength,204,2020
Tensile Strength,155,2020
Tensile Strength,161,2020
Tensile Strength,203,2020
Tensile Strength,203,2020
Tensile Strength,161,2020
Yield Strength,1638,2020
Tensile Strength,1775,2020
Yield Strength,400,2020
Yield Strength,400,2020
Yield Strength,450,2020
Tensile Strength,3000,2020
Tensile Strength,30,2020
Tensile Strength,1500,2020
Tensile Strength,53,2020
Tensile Strength,224,2020
Tensile Strength,890,2020
Tensile Strength,600,2020
Tensile Strength,720,2020
Tensile Strength,450,2020
Yield Strength,170,2020
Tensile Strength,430,2020
Yield Strength,577,2020
Tensile Strength,723,2020
Yield Strength,200,2020
Yield Strength,600,2020
Yield Strength,200,2020
Yield Strength,1000,2020
Yield Strength,100,2020
Yield Strength,1100,2020
Tensile Strength,458,2020
Yield Strength,600,2020
Tensile Strength,700,2020
Tensile Strength,580,2020
Tensile Strength,272,2020
Yield Strength,298,2020
Yield Strength,1017,2020
Yield Strength,684,2020
Yield Strength,280,2020
Tensile Strength,520,2020
Tensile Strength,515,2020
Tensile Strength,454,2020
Tensile Strength,556,2020
Yield Strength,600,2020
Tensile Strength,707,2020
Tensile Strength,1167,2020
Yield Strength,1140,2020
Tensile Strength,1400,2020
Tensile Strength,1887,2020
Tensile Strength,622,2020
Yield Strength,450,2020
Yield Strength,781,2020
Yield Strength,65,2020
Tensile Strength,1271,2020
Yield Strength,1038,2020
Yield Strength,300,2020
Yield Strength,697,2020
Yield Strength,206,2020
Tensile Strength,661,2020
Yield Strength,597,2020
Tensile Strength,855,2020
Tensile Strength,931,2020
Tensile Strength,1054,2020
Yield Strength,1196,2020
Tensile Strength,1219,2020
Yield Strength,200,2020
Tensile Strength,392,2020
Yield Strength,300,2020
Tensile Strength,360,2020
Yield Strength,265,2020
Tensile Strength,112,2020
Tensile Strength,93,2020
Tensile Strength,55,2020
Tensile Strength,93,2020
Tensile Strength,500,2020
Tensile Strength,550,2020
Tensile Strength,350,2020
Tensile Strength,1900,2020
Tensile Strength,443,2020
Tensile Strength,515,2020
Tensile Strength,205,2020
Tensile Strength,579,2020
Yield Strength,500,2020
Yield Strength,500,2020
Tensile Strength,440,2020
Tensile Strength,190,2020
Tensile Strength,210,2020
Tensile Strength,210,2020
Tensile Strength,304,2020
Tensile Strength,302,2020
Tensile Strength,292,2020
Tensile Strength,292,2020
Yield Strength,830,2020
Yield Strength,310,2020
Tensile Strength,157,2020
Yield Strength,169,2020
Yield Strength,110,2020
Yield Strength,830,2020
Yield Strength,310,2020
Tensile Strength,306,2020
Tensile Strength,288,2020
Tensile Strength,263,2020
Yield Strength,550,2020
Yield Strength,737,2020
Yield Strength,730,2020
Tensile Strength,172,2020
Tensile Strength,198,2020
Tensile Strength,198,2020
Tensile Strength,900,2020
Yield Strength,1172,2020
Tensile Strength,760,2020
Tensile Strength,899,2020
Tensile Strength,775,2020
Tensile Strength,795,2020
Tensile Strength,771,2020
Tensile Strength,800,2020
Tensile Strength,536,2020
Tensile Strength,622,2020
Tensile Strength,485,2020
Tensile Strength,170,2020
Tensile Strength,196,2020
Tensile Strength,1990,2020
Yield Strength,1750,2020
Tensile Strength,1990,2020
Yield Strength,1750,2020
Yield Strength,170,2020
Yield Strength,1000,2020
Tensile Strength,1400,2020
Yield Strength,413,2020
Yield Strength,423,2020
Tensile Strength,605,2020
Tensile Strength,500,2020
Tensile Strength,2375,2020
Tensile Strength,1161,2020
Tensile Strength,815,2020
Yield Strength,1900,2020
Yield Strength,540,2020
Yield Strength,647,2020
Tensile Strength,300,2020
Tensile Strength,275,2020
Tensile Strength,200,2020
Tensile Strength,146,2020
Yield Strength,146,2020
Tensile Strength,1730,2020
Tensile Strength,1840,2020
Tensile Strength,1790,2020
Tensile Strength,1730,2020
Tensile Strength,1840,2020
Tensile Strength,263,2020
Tensile Strength,490,2020
Tensile Strength,534,2020
Tensile Strength,1030,2020
Tensile Strength,676,2020
Tensile Strength,250,2020
Tensile Strength,220,2020
Tensile Strength,250,2020
Tensile Strength,340,2020
Tensile Strength,284,2020
Tensile Strength,284,2020
Tensile Strength,662,2020
Tensile Strength,200,2020
Yield Strength,345,2020
Tensile Strength,826,2020
Tensile Strength,208,2020
Tensile Strength,453,2020
Tensile Strength,484,2020
Yield Strength,320,2020
Tensile Strength,594,2020
Yield Strength,305,2020
Tensile Strength,297,2020
Yield Strength,580,2020
Yield Strength,1380,2020
Tensile Strength,1700,2020
Tensile Strength,2031,2020
Yield Strength,1996,2020
Yield Strength,1400,2020
Yield Strength,1360,2020
Yield Strength,1722,2020
Yield Strength,265,2020
Tensile Strength,656,2020
Tensile Strength,912,2020
Tensile Strength,956,2020
Tensile Strength,956,2020
Tensile Strength,1150,2020
Yield Strength,345,2020
Tensile Strength,180,2020
Tensile Strength,278,2020
Yield Strength,235,2020
Tensile Strength,1500,2020
Yield Strength,500,2020
Tensile Strength,570,2020
Yield Strength,302,2020
Tensile Strength,589,2020
Yield Strength,170,2020
Tensile Strength,530,2020
Tensile Strength,767,2020
Yield Strength,531,2020
Tensile Strength,575,2020
Tensile Strength,775,2020
Tensile Strength,872,2020
Tensile Strength,700,2020
Tensile Strength,748,2020
Tensile Strength,512,2020
Yield Strength,230,2020
Tensile Strength,606,2020
Tensile Strength,720,2020
Tensile Strength,738,2020
Tensile Strength,617,2020
Yield Strength,927,2020
Tensile Strength,1237,2020
Yield Strength,480,2020
Tensile Strength,800,2020
Tensile Strength,920,2020
Yield Strength,600,2020
Yield Strength,600,2020
Tensile Strength,2000,2020
Tensile Strength,1600,2020
Yield Strength,1906,2020
Yield Strength,1958,2020
Yield Strength,455,2020
Yield Strength,480,2020
Tensile Strength,175,2020
Tensile Strength,260,2020
Tensile Strength,102,2020
Tensile Strength,59,2020
Tensile Strength,102,2020
Tensile Strength,1410,2020
Tensile Strength,630,2020
Yield Strength,1676,2020
Yield Strength,1528,2020
Yield Strength,1676,2020
Yield Strength,1528,2020
Yield Strength,245,2020
Yield Strength,307,2020
Tensile Strength,150,2020
Yield Strength,307,2020
Yield Strength,285,2020
Yield Strength,245,2020
Yield Strength,900,2020
Yield Strength,771,2020
Tensile Strength,58,2020
Tensile Strength,647,2020
Tensile Strength,1053,2020
Tensile Strength,162,2020
Tensile Strength,251,2020
Tensile Strength,129,2020
Tensile Strength,198,2020
Tensile Strength,360,2020
Yield Strength,460,2020
Tensile Strength,540,2020
Tensile Strength,647,2020
Yield Strength,38,2020
Tensile Strength,197,2020
Tensile Strength,1970,2020
Tensile Strength,278,2020
Tensile Strength,258,2020
Tensile Strength,258,2020
Tensile Strength,622,2020
Tensile Strength,587,2020
Yield Strength,288,2020
Tensile Strength,842,2020
Yield Strength,35,2020
Tensile Strength,710,2020
Tensile Strength,610,2020
Tensile Strength,670,2020
Tensile Strength,60,2020
Tensile Strength,369,2020
Tensile Strength,87,2020
Tensile Strength,170,2020
Tensile Strength,294,2020
Tensile Strength,289,2020
Tensile Strength,416,2020
Tensile Strength,615,2021
Tensile Strength,684,2021
Tensile Strength,684,2021
Tensile Strength,869,2021
Tensile Strength,684,2021
Tensile Strength,869,2021
Yield Strength,748,2021
Yield Strength,1200,2021
Yield Strength,1291,2021
Tensile Strength,410,2021
Tensile Strength,295,2021
Tensile Strength,330,2021
Tensile Strength,120,2021
Tensile Strength,345,2021
Tensile Strength,397,2021
Tensile Strength,85,2021
Tensile Strength,303,2021
Yield Strength,1030,2021
Tensile Strength,1240,2021
Yield Strength,252,2021
Tensile Strength,520,2021
Yield Strength,260,2021
Yield Strength,250,2021
Tensile Strength,520,2021
Yield Strength,657,2021
Tensile Strength,485,2021
Tensile Strength,668,2021
Yield Strength,301,2021
Tensile Strength,257,2021
Tensile Strength,525,2021
Yield Strength,314,2021
Yield Strength,679,2021
Yield Strength,60,2021
Yield Strength,540,2021
Tensile Strength,1301,2021
Yield Strength,581,2021
Yield Strength,52,2021
Yield Strength,306,2021
Yield Strength,299,2021
Tensile Strength,2070,2021
Yield Strength,203,2021
Tensile Strength,485,2021
Tensile Strength,195,2021
Tensile Strength,397,2021
Tensile Strength,150,2021
Tensile Strength,726,2021
Tensile Strength,766,2021
Tensile Strength,474,2021
Tensile Strength,627,2021
Tensile Strength,760,2021
Tensile Strength,40,2021
Tensile Strength,124,2021
Tensile Strength,519,2021
Yield Strength,519,2021
Tensile Strength,92,2021
Yield Strength,380,2021
Yield Strength,690,2021
Yield Strength,500,2021
Yield Strength,450,2021
Yield Strength,440,2021
Tensile Strength,233,2021
Tensile Strength,310,2021
Tensile Strength,170,2021
Yield Strength,550,2021
Yield Strength,261,2021
Tensile Strength,611,2021
Yield Strength,250,2021
Tensile Strength,525,2021
Tensile Strength,500,2021
Yield Strength,192,2021
Tensile Strength,486,2021
Yield Strength,476,2021
Tensile Strength,495,2021
Tensile Strength,500,2021
Yield Strength,815,2021
Yield Strength,50,2021
Yield Strength,205,2021
Tensile Strength,890,2021
Yield Strength,465,2021
Yield Strength,691,2021
Tensile Strength,1146,2021
Tensile Strength,605,2021
Tensile Strength,520,2021
Tensile Strength,485,2021
Yield Strength,705,2021
Tensile Strength,1500,2021
Yield Strength,665,2021
Tensile Strength,1420,2021
Tensile Strength,100,2021
Yield Strength,310,2021
Tensile Strength,1393,2021
Tensile Strength,912,2021
Yield Strength,290,2021
Tensile Strength,579,2021
Tensile Strength,120,2021
Tensile Strength,118,2021
Tensile Strength,148,2021
Tensile Strength,293,2021
Tensile Strength,335,2021
Tensile Strength,270,2021
Tensile Strength,30,2021
Yield Strength,705,2021
Tensile Strength,45,2021
Yield Strength,421,2021
Yield Strength,333,2021
Tensile Strength,485,2021
Tensile Strength,69,2021
Tensile Strength,69,2021
Tensile Strength,920,2021
Yield Strength,2100,2021
Yield Strength,2200,2021
Yield Strength,2144,2021
Tensile Strength,560,2021
Yield Strength,781,2021
Yield Strength,1330,2021
Yield Strength,410,2021
Tensile Strength,629,2021
Yield Strength,460,2021
Yield Strength,1340,2021
Tensile Strength,1068,2021
Tensile Strength,1043,2021
Tensile Strength,1419,2021
Tensile Strength,1440,2021
Tensile Strength,960,2021
Yield Strength,82,2021
Tensile Strength,72,2021
Yield Strength,884,2021
Tensile Strength,1107,2021
Yield Strength,622,2021
Tensile Strength,894,2021
Yield Strength,825,2021
Tensile Strength,1075,2021
Tensile Strength,320,2021
Yield Strength,833,2021
Tensile Strength,980,2021
Yield Strength,833,2021
Tensile Strength,980,2021
Yield Strength,365,2021
Yield Strength,455,2021
Tensile Strength,130,2021
Tensile Strength,329,2021
Yield Strength,450,2021
Yield Strength,650,2021
Tensile Strength,888,2021
Tensile Strength,920,2021
Tensile Strength,982,2021
Tensile Strength,920,2021
Tensile Strength,260,2021
Tensile Strength,210,2021
Tensile Strength,210,2021
Tensile Strength,1058,2021
Tensile Strength,982,2021
Tensile Strength,584,2021
Tensile Strength,55,2021
Tensile Strength,641,2021
Tensile Strength,1000,2021
Yield Strength,405,2021
Yield Strength,667,2021
Yield Strength,667,2021
Tensile Strength,946,2021
Tensile Strength,1084,2021
Yield Strength,900,2021
Yield Strength,946,2021
Tensile Strength,1084,2021
Yield Strength,473,2021
Tensile Strength,731,2021
Tensile Strength,1090,2021
Yield Strength,1120,2021
Yield Strength,900,2021
Tensile Strength,950,2021
Tensile Strength,50,2021
Yield Strength,563,2021
Tensile Strength,519,2021
Yield Strength,560,2021
Yield Strength,542,2021
Tensile Strength,500,2021
Tensile Strength,1903,2021
Tensile Strength,1151,2021
Tensile Strength,1442,2021
Tensile Strength,1151,2021
Tensile Strength,1313,2021
Tensile Strength,935,2021
Tensile Strength,1442,2021
Tensile Strength,484,2021
Yield Strength,822,2021
Tensile Strength,1048,2021
Yield Strength,1224,2021
Tensile Strength,1473,2021
Tensile Strength,1500,2021
Yield Strength,170,2021
Yield Strength,510,2021
Yield Strength,928,2021
Tensile Strength,1312,2021
Yield Strength,750,2021
Yield Strength,750,2021
Yield Strength,1030,2021
Yield Strength,1000,2021
Yield Strength,630,2021
Tensile Strength,69,2021
Tensile Strength,86,2021
Tensile Strength,42,2021
Tensile Strength,625,2021
Yield Strength,330,2021
Tensile Strength,400,2021
Tensile Strength,855,2021
Tensile Strength,1405,2021
Yield Strength,345,2021
Tensile Strength,117,2021
Tensile Strength,515,2021
Tensile Strength,169,2021
Tensile Strength,447,2021
Tensile Strength,489,2021
Tensile Strength,472,2021
Tensile Strength,489,2021
Tensile Strength,447,2021
Yield Strength,250,2021
Yield Strength,300,2021
Yield Strength,190,2021
Yield Strength,190,2021
Yield Strength,210,2021
Tensile Strength,119,2021
Yield Strength,520,2021
Tensile Strength,700,2021
Tensile Strength,147,2021
Yield Strength,155,2021
Tensile Strength,185,2021
Tensile Strength,149,2021
Tensile Strength,58,2021
Tensile Strength,325,2021
Tensile Strength,160,2021
Tensile Strength,365,2021
Yield Strength,500,2021
Yield Strength,1000,2021
Tensile Strength,255,2021
Yield Strength,300,2021
Yield Strength,229,2021
Tensile Strength,893,2021
Tensile Strength,1150,2021
Tensile Strength,590,2021
Tensile Strength,593,2021
Tensile Strength,593,2021
Tensile Strength,573,2021
Tensile Strength,1444,2021
Tensile Strength,1200,2021
Tensile Strength,745,2021
Tensile Strength,1700,2021
Tensile Strength,2000,2021
Tensile Strength,186,2021
Tensile Strength,700,2021
Tensile Strength,826,2021
Yield Strength,200,2021
Tensile Strength,100,2021
Tensile Strength,200,2021
Tensile Strength,507,2021
Tensile Strength,500,2021
Tensile Strength,550,2021
Tensile Strength,713,2021
Tensile Strength,540,2021
Tensile Strength,1900,2021
Tensile Strength,856,2021
Tensile Strength,955,2021
Tensile Strength,1012,2021
Yield Strength,100,2021
Yield Strength,200,2021
Yield Strength,200,2021
Yield Strength,548,2021
Tensile Strength,846,2021
Tensile Strength,1068,2021
Tensile Strength,905,2021
Tensile Strength,1385,2021
Tensile Strength,1068,2021
Tensile Strength,205,2021
Tensile Strength,205,2021
Yield Strength,100,2021
Yield Strength,340,2021
Yield Strength,64,2021
Tensile Strength,44,2021
Tensile Strength,1005,2021
Tensile Strength,814,2021
Tensile Strength,865,2021
Tensile Strength,805,2021
Tensile Strength,896,2021
Tensile Strength,490,2021
Yield Strength,220,2021
Tensile Strength,670,2021
Tensile Strength,590,2021
Tensile Strength,800,2021
Yield Strength,809,2021
Tensile Strength,1310,2021
Yield Strength,500,2021
Yield Strength,1230,2021
Yield Strength,532,2021
Tensile Strength,627,2021
Tensile Strength,1060,2021
Tensile Strength,1670,2021
Tensile Strength,1050,2021
Yield Strength,700,2021
Tensile Strength,54,2021
Yield Strength,600,2021
Yield Strength,210,2021
Yield Strength,300,2021
Tensile Strength,580,2021
Yield Strength,188,2021
Tensile Strength,418,2021
Yield Strength,315,2021
Tensile Strength,608,2021
Yield Strength,192,2021
Tensile Strength,425,2021
Tensile Strength,370,2021
Yield Strength,1300,2021
Yield Strength,290,2021
Yield Strength,142,2021
Yield Strength,862,2021
Yield Strength,915,2021
Yield Strength,710,2021
Yield Strength,710,2021
Yield Strength,312,2021
Tensile Strength,810,2021
Yield Strength,272,2021
Yield Strength,583,2021
Tensile Strength,754,2021
Tensile Strength,1350,2021
Tensile Strength,1380,2021
Yield Strength,515,2021
Tensile Strength,876,2021
Tensile Strength,428,2021
Yield Strength,677,2021
Tensile Strength,714,2021
Tensile Strength,576,2021
Yield Strength,1055,2021
Tensile Strength,1140,2021
Tensile Strength,1135,2021
Yield Strength,41,2021
Tensile Strength,650,2021
Tensile Strength,1117,2021
Tensile Strength,346,2021
Tensile Strength,470,2021
Yield Strength,800,2021
Yield Strength,400,2021
Tensile Strength,600,2021
Tensile Strength,585,2021
Tensile Strength,167,2021
Yield Strength,221,2021
Tensile Strength,404,2021
Yield Strength,881,2021
Tensile Strength,1007,2021
Yield Strength,881,2021
Yield Strength,279,2021
Yield Strength,690,2021
Yield Strength,552,2021
Tensile Strength,540,2021
Yield Strength,400,2021
Yield Strength,400,2021
Yield Strength,320,2021
Yield Strength,276,2021
Tensile Strength,691,2021
Tensile Strength,760,2021
Tensile Strength,245,2021
Tensile Strength,547,2021
Tensile Strength,437,2021
Tensile Strength,705,2021
Tensile Strength,437,2021
Yield Strength,345,2021
Yield Strength,517,2021
Tensile Strength,807,2021
Yield Strength,282,2021
Tensile Strength,458,2021
Tensile Strength,1000,2021
Yield Strength,940,2021
Tensile Strength,1255,2021
Yield Strength,426,2021
Yield Strength,453,2021
Yield Strength,302,2021
Tensile Strength,589,2021
Yield Strength,282,2021
Tensile Strength,638,2021
Yield Strength,290,2021
Tensile Strength,511,2021
Tensile Strength,546,2021
Tensile Strength,680,2021
Tensile Strength,680,2021
Tensile Strength,200,2021
Yield Strength,100,2021
Yield Strength,400,2021
Tensile Strength,108,2021
Yield Strength,550,2021
Yield Strength,500,2021
Tensile Strength,100,2021
Yield Strength,355,2021
Tensile Strength,690,2021
Tensile Strength,690,2021
Yield Strength,517,2021
Tensile Strength,1102,2021
Tensile Strength,1654,2021
Tensile Strength,321,2021
Tensile Strength,490,2021
Yield Strength,600,2021
Yield Strength,750,2021
Yield Strength,750,2021
Tensile Strength,689,2021
Yield Strength,573,2021
Tensile Strength,718,2021
Yield Strength,665,2021
Yield Strength,665,2021
Tensile Strength,718,2021
Tensile Strength,305,2021
Tensile Strength,207,2021
Tensile Strength,326,2021
Yield Strength,1500,2021
Tensile Strength,1034,2021
Yield Strength,300,2021
Tensile Strength,1100,2021
Tensile Strength,60,2021
Tensile Strength,60,2021
Tensile Strength,60,2021
Yield Strength,550,2021
Tensile Strength,573,2021
Yield Strength,400,2021
Tensile Strength,650,2021
Tensile Strength,191,2021
Yield Strength,330,2021
Yield Strength,360,2021
Yield Strength,460,2021
Tensile Strength,1000,2021
Tensile Strength,776,2021
Tensile Strength,1045,2021
Tensile Strength,979,2021
Tensile Strength,1050,2021
Tensile Strength,1050,2021
Yield Strength,700,2021
Yield Strength,470,2021
Tensile Strength,704,2021
Tensile Strength,620,2021
Tensile Strength,408,2021
Yield Strength,38,2021
Yield Strength,251,2021
Tensile Strength,595,2021
Yield Strength,320,2021
Tensile Strength,550,2021
Tensile Strength,700,2021
Tensile Strength,700,2021
Yield Strength,700,2021
Yield Strength,508,2021
Tensile Strength,658,2021
Yield Strength,516,2021
Yield Strength,508,2021
Yield Strength,1011,2021
Tensile Strength,250,2021
Yield Strength,360,2021
Tensile Strength,199,2021
Tensile Strength,761,2021
Yield Strength,529,2021
Tensile Strength,882,2021
Yield Strength,557,2021
Tensile Strength,761,2021
Yield Strength,529,2021
Tensile Strength,882,2021
Yield Strength,557,2021
Yield Strength,220,2021
Tensile Strength,940,2021
Yield Strength,697,2021
Tensile Strength,935,2021
